Vendor,Ledger,Ledger ID (for reference),Confidence,Why
Akbar Travels,Travel Expense,5589375000000000418,high,travel agent
Campus Mall,,,NEEDS YOU,
DAFFODIL,,,NEEDS YOU,
Dhruv Services,Software Development & Technical Manpower Charges,5589375000003097044,high,contract resource CW-eFax
Harish Ganapathi T K G,Software Development & Technical Manpower Charges,5589375000003097044,high,contract resource CW-AeroPt
INNOVATECTURE DESIGN SERVICES LLP,Office Rent,5589375000000120761,high,office rent
LUBUS,Software Development & Technical Manpower Charges,5589375000003097044,high,contract resource LW-eFax
Microsoft Corporation (India) Private Limited,SaaS Tools Subscription Cost,5589375000000502609,high,software
Sumo Technologies,Computer Rentals,5589375000000120629,high,computer renting
Swackit Digital Private Limited,Digital Marketing & Content Expenses,5589375000003097002,low,name suggests digital
Volition Digital Consulting Ltd,Import of Services,5589375000000120647,med,consulting overseas
PRESTIGE ESTATES PROJECTS LTD,Office Rent,5589375000000120761,high,real estate
THEEMINENCE TECHNOLOGY SOLUTIONS,,,NEEDS YOU,
AMYNTAS MEDIA WORKS LLP,Digital Marketing & Content Expenses,5589375000003097002,low,name suggests media
TREEBO HOSPITALITY VENTURES PVT LTD,Lodging,5589375000000032023,high,hotels
Md Faizan Ansari,,,NEEDS YOU,
Silveroak Resort,Lodging,5589375000000032023,high,resort
Visibility Gurus,BackLink expenses,5589375000003097008,med,backlink services
True Value Textile,,,NEEDS YOU,
